Workbook

Sheet envio
A1: numero | B1: nome | C1: data | D1: hora | E1: unidade | F1: OBS | G1: especialidade | H1: QTD_PERMITIDA | I1: VALIDAÇÃO DIGITOS | J1: VALIDAÇÃO NOME | K1: VALIDAÇÃO DATAS | L1: VALIDAÇÃO HORA | M1: VALIDAÇÃO UNIADE
H2: =900-(LEN(A2)+LEN(B2)+LEN(C2)+LEN(D2)+LEN(E2)+LEN(F2)+LEN(Planilha1!$B$1)) -> 897 | I2: =LEN(A2)-11 -> -11 | J2: =IF(B2="","não peenchido","preenchido") -> não peenchido | K2: =IF(C2="","não peenchido","preenchido") -> não peenchido | L2: =IF(D2="","não peenchido","preenchido") -> não peenchido | M2: =IF(E2="","não peenchido","preenchido") -> não peenchido
H3: =900-(LEN(A3)+LEN(B3)+LEN(C3)+LEN(D3)+LEN(E3)+LEN(F3)+LEN(Planilha1!$B$1)) -> 897 | I3: =LEN(A3)-11 -> -11 | J3: =IF(B3="","não peenchido","preenchido") -> não peenchido | K3: =IF(C3="","não peenchido","preenchido") -> não peenchido | L3: =IF(D3="","não peenchido","preenchido") -> não peenchido | M3: =IF(E3="","não peenchido","preenchido") -> não peenchido
H4: =900-(LEN(A4)+LEN(B4)+LEN(C4)+LEN(D4)+LEN(E4)+LEN(F4)+LEN(Planilha1!$B$1)) -> 897 | I4: =LEN(A4)-11 -> -11 | J4: =IF(B4="","não peenchido","preenchido") -> não peenchido | K4: =IF(C4="","não peenchido","preenchido") -> não peenchido | L4: =IF(D4="","não peenchido","preenchido") -> não peenchido | M4: =IF(E4="","não peenchido","preenchido") -> não peenchido
H5: =900-(LEN(A5)+LEN(B5)+LEN(C5)+LEN(D5)+LEN(E5)+LEN(F5)+LEN(Planilha1!$B$1)) -> 897 | I5: =LEN(A5)-11 -> -11 | J5: =IF(B5="","não peenchido","preenchido") -> não peenchido | K5: =IF(C5="","não peenchido","preenchido") -> não peenchido | L5: =IF(D5="","não peenchido","preenchido") -> não peenchido | M5: =IF(E5="","não peenchido","preenchido") -> não peenchido
H6: =900-(LEN(A6)+LEN(B6)+LEN(C6)+LEN(D6)+LEN(E6)+LEN(F6)+LEN(Planilha1!$B$1)) -> 897 | I6: =LEN(A6)-11 -> -11 | J6: =IF(B6="","não peenchido","preenchido") -> não peenchido | K6: =IF(C6="","não peenchido","preenchido") -> não peenchido | L6: =IF(D6="","não peenchido","preenchido") -> não peenchido | M6: =IF(E6="","não peenchido","preenchido") -> não peenchido
H7: =900-(LEN(A7)+LEN(B7)+LEN(C7)+LEN(D7)+LEN(E7)+LEN(F7)+LEN(Planilha1!$B$1)) -> 897 | I7: =LEN(A7)-11 -> -11 | J7: =IF(B7="","não peenchido","preenchido") -> não peenchido | K7: =IF(C7="","não peenchido","preenchido") -> não peenchido | L7: =IF(D7="","não peenchido","preenchido") -> não peenchido | M7: =IF(E7="","não peenchido","preenchido") -> não peenchido
H8: =900-(LEN(A8)+LEN(B8)+LEN(C8)+LEN(D8)+LEN(E8)+LEN(F8)+LEN(Planilha1!$B$1)) -> 897 | I8: =LEN(A8)-11 -> -11 | J8: =IF(B8="","não peenchido","preenchido") -> não peenchido | K8: =IF(C8="","não peenchido","preenchido") -> não peenchido | L8: =IF(D8="","não peenchido","preenchido") -> não peenchido | M8: =IF(E8="","não peenchido","preenchido") -> não peenchido
H9: =900-(LEN(A9)+LEN(B9)+LEN(C9)+LEN(D9)+LEN(E9)+LEN(F9)+LEN(Planilha1!$B$1)) -> 897 | I9: =LEN(A9)-11 -> -11 | J9: =IF(B9="","não peenchido","preenchido") -> não peenchido | K9: =IF(C9="","não peenchido","preenchido") -> não peenchido | L9: =IF(D9="","não peenchido","preenchido") -> não peenchido | M9: =IF(E9="","não peenchido","preenchido") -> não peenchido
H10: =900-(LEN(A10)+LEN(B10)+LEN(C10)+LEN(D10)+LEN(E10)+LEN(F10)+LEN(Planilha1!$B$1)) -> 897 | I10: =LEN(A10)-11 -> -11 | J10: =IF(B10="","não peenchido","preenchido") -> não peenchido | K10: =IF(C10="","não peenchido","preenchido") -> não peenchido | L10: =IF(D10="","não peenchido","preenchido") -> não peenchido | M10: =IF(E10="","não peenchido","preenchido") -> não peenchido
H11: =900-(LEN(A11)+LEN(B11)+LEN(C11)+LEN(D11)+LEN(E11)+LEN(F11)+LEN(Planilha1!$B$1)) -> 897 | I11: =LEN(A11)-11 -> -11 | J11: =IF(B11="","não peenchido","preenchido") -> não peenchido | K11: =IF(C11="","não peenchido","preenchido") -> não peenchido | L11: =IF(D11="","não peenchido","preenchido") -> não peenchido | M11: =IF(E11="","não peenchido","preenchido") -> não peenchido
H12: =900-(LEN(A12)+LEN(B12)+LEN(C12)+LEN(D12)+LEN(E12)+LEN(F12)+LEN(Planilha1!$B$1)) -> 897 | I12: =LEN(A12)-11 -> -11 | J12: =IF(B12="","não peenchido","preenchido") -> não peenchido | K12: =IF(C12="","não peenchido","preenchido") -> não peenchido | L12: =IF(D12="","não peenchido","preenchido") -> não peenchido | M12: =IF(E12="","não peenchido","preenchido") -> não peenchido
H13: =900-(LEN(A13)+LEN(B13)+LEN(C13)+LEN(D13)+LEN(E13)+LEN(F13)+LEN(Planilha1!$B$1)) -> 897 | I13: =LEN(A13)-11 -> -11 | J13: =IF(B13="","não peenchido","preenchido") -> não peenchido | K13: =IF(C13="","não peenchido","preenchido") -> não peenchido | L13: =IF(D13="","não peenchido","preenchido") -> não peenchido | M13: =IF(E13="","não peenchido","preenchido") -> não peenchido
... H3323: =900-(LEN(A3323)+LEN(B3323)+LEN(C3323)+LEN(D3323)+LEN(E3323)+LEN(F3323)+LEN(Planilha1!$B$1)) -> 897 | I3323: =LEN(A3323)-11 -> -11 | J3323: =IF(B3323="","não peenchido","preenchido") -> não peenchido | K3323: =IF(C3323="","não peenchido","preenchido") -> não peenchido | L3323: =IF(D3323="","não peenchido","preenchido") -> não peenchido | M3323: =IF(E3323="","não peenchido","preenchido") -> não peenchido
I3324: =LEN(A3324)-11 -> -11 | J3324: =IF(B3324="","não peenchido","preenchido") -> não peenchido | K3324: =IF(C3324="","não peenchido","preenchido") -> não peenchido | L3324: =IF(D3324="","não peenchido","preenchido") -> não peenchido | M3324: =IF(E3324="","não peenchido","preenchido") -> não peenchido
I3325: =LEN(A3325)-11 -> -11 | J3325: =IF(B3325="","não peenchido","preenchido") -> não peenchido | K3325: =IF(C3325="","não peenchido","preenchido") -> não peenchido | L3325: =IF(D3325="","não peenchido","preenchido") -> não peenchido | M3325: =IF(E3325="","não peenchido","preenchido") -> não peenchido
I3326: =LEN(A3326)-11 -> -11 | J3326: =IF(B3326="","não peenchido","preenchido") -> não peenchido | K3326: =IF(C3326="","não peenchido","preenchido") -> não peenchido | L3326: =IF(D3326="","não peenchido","preenchido") -> não peenchido | M3326: =IF(E3326="","não peenchido","preenchido") -> não peenchido
I3327: =LEN(A3327)-11 -> -11 | J3327: =IF(B3327="","não peenchido","preenchido") -> não peenchido | K3327: =IF(C3327="","não peenchido","preenchido") -> não peenchido | L3327: =IF(D3327="","não peenchido","preenchido") -> não peenchido | M3327: =IF(E3327="","não peenchido","preenchido") -> não peenchido
I3328: =LEN(A3328)-11 -> -11 | J3328: =IF(B3328="","não peenchido","preenchido") -> não peenchido | K3328: =IF(C3328="","não peenchido","preenchido") -> não peenchido | L3328: =IF(D3328="","não peenchido","preenchido") -> não peenchido | M3328: =IF(E3328="","não peenchido","preenchido") -> não peenchido
I3329: =LEN(A3329)-11 -> -11 | J3329: =IF(B3329="","não peenchido","preenchido") -> não peenchido | K3329: =IF(C3329="","não peenchido","preenchido") -> não peenchido | L3329: =IF(D3329="","não peenchido","preenchido") -> não peenchido | M3329: =IF(E3329="","não peenchido","preenchido") -> não peenchido
I3330: =LEN(A3330)-11 -> -11 | J3330: =IF(B3330="","não peenchido","preenchido") -> não peenchido | K3330: =IF(C3330="","não peenchido","preenchido") -> não peenchido | L3330: =IF(D3330="","não peenchido","preenchido") -> não peenchido | M3330: =IF(E3330="","não peenchido","preenchido") -> não peenchido
I3331: =LEN(A3331)-11 -> -11 | J3331: =IF(B3331="","não peenchido","preenchido") -> não peenchido | K3331: =IF(C3331="","não peenchido","preenchido") -> não peenchido | L3331: =IF(D3331="","não peenchido","preenchido") -> não peenchido | M3331: =IF(E3331="","não peenchido","preenchido") -> não peenchido
I3332: =LEN(A3332)-11 -> -11 | J3332: =IF(B3332="","não peenchido","preenchido") -> não peenchido | K3332: =IF(C3332="","não peenchido","preenchido") -> não peenchido | L3332: =IF(D3332="","não peenchido","preenchido") -> não peenchido | M3332: =IF(E3332="","não peenchido","preenchido") -> não peenchido
I3333: =LEN(A3333)-11 -> -11 | J3333: =IF(B3333="","não peenchido","preenchido") -> não peenchido | K3333: =IF(C3333="","não peenchido","preenchido") -> não peenchido | L3333: =IF(D3333="","não peenchido","preenchido") -> não peenchido | M3333: =IF(E3333="","não peenchido","preenchido") -> não peenchido
I3334: =LEN(A3334)-11 -> -11 | J3334: =IF(B3334="","não peenchido","preenchido") -> não peenchido | K3334: =IF(C3334="","não peenchido","preenchido") -> não peenchido | L3334: =IF(D3334="","não peenchido","preenchido") -> não peenchido | M3334: =IF(E3334="","não peenchido","preenchido") -> não peenchido
I3335: =LEN(A3335)-11 -> -11 | J3335: =IF(B3335="","não peenchido","preenchido") -> não peenchido | K3335: =IF(C3335="","não peenchido","preenchido") -> não peenchido | L3335: =IF(D3335="","não peenchido","preenchido") -> não peenchido | M3335: =IF(E3335="","não peenchido","preenchido") -> não peenchido
... I3875: =LEN(A3875)-11 -> -11 | J3875: =IF(B3875="","não peenchido","preenchido") -> não peenchido | K3875: =IF(C3875="","não peenchido","preenchido") -> não peenchido | L3875: =IF(D3875="","não peenchido","preenchido") -> não peenchido | M3875: =IF(E3875="","não peenchido","preenchido") -> não peenchido

Sheet Planilha1
A1: Olá {{1}}! 👋 Confirmamos seu agendamento de {{2}}. 📅 Data: {{3}} ⏰ Horário: {{4}} 🏥 Unidade: {{5}} Por favor, clique em CONFIRMAR para confirmar, clique em CANCELAR para cancelar. Em caso de cancelamento procurar a unidade de origem. Obs.:{{6}} Agradecemos sua atenção! 💙 | B1: =LEN(A1) -> 281
